nutrient,unit,sex,age,EAR,RDI,AI,UL,UL_scope,SDT,source,notes
energy (EER),MJ/day,M,31-50,11.0,,,,,,nrv_full.pdf (v1.2 Sep 2017) PDF p.289 (printed p.279); PDF p.29 (printed p.19); https://www.eatforhealth.gov.au/nutrient-reference-values/nutrients/dietary-energy,"EER (not an EAR; energy has no RDI/UL). 1.75 m, 67.4 kg (BMI 22), PAL 1.6: linear interpolation between tabulated 1.7 m (10.7) and 1.8 m (11.3). = 11,000 kJ ≈ 2,630 kcal (÷4.184). Schofield (1985) 30-60 y male BMR (0.048W+3.653) x1.6 gives 11.02, consistent"
energy (EER),MJ/day,M,19-30,11.4,,,,,,nrv_full.pdf (v1.2 Sep 2017) PDF p.289 (printed p.279); PDF p.29 (printed p.19); https://www.eatforhealth.gov.au/nutrient-reference-values/nutrients/dietary-energy,"EER. 1.75 m, 67.4 kg, PAL 1.6: interpolation between 1.7 m (11.0) and 1.8 m (11.8). ≈ 2,725 kcal. Schofield 18-30 y male (0.063W+2.896) x1.6 gives 11.43, consistent"
energy (EER),MJ/day,F,31-50,8.9,,,,,,nrv_full.pdf (v1.2 Sep 2017) PDF p.289 (printed p.279); PDF p.29 (printed p.19); https://www.eatforhealth.gov.au/nutrient-reference-values/nutrients/dietary-energy,"EER. 1.65 m, 59.9 kg (BMI 22), PAL 1.6: interpolation between 1.6 m (8.7) and 1.7 m (9.1). ≈ 2,127 kcal. Schofield 30-60 y female (0.034W+3.538) x1.6 gives 8.92, consistent"
energy (EER),MJ/day,F,19-30,9.2,,,,,,nrv_full.pdf (v1.2 Sep 2017) PDF p.289 (printed p.279); PDF p.29 (printed p.19); https://www.eatforhealth.gov.au/nutrient-reference-values/nutrients/dietary-energy,"EER. 1.65 m, 59.9 kg, PAL 1.6: interpolation between 1.6 m (8.8) and 1.7 m (9.6). ≈ 2,199 kcal. Schofield 18-30 y female (0.062W+2.036) x1.6 gives 9.20, consistent"
protein,g/day,M,31-50,52,64,,,no g/day UL; AMDR upper bound 25% energy is a prudent UL,,nrv_full.pdf (v1.2 Sep 2017) PDF p.291 (printed p.281); PDF p.262 (printed p.252); https://www.eatforhealth.gov.au/nutrient-reference-values/nutrients/protein,Per kg: M EAR 0.68 / RDI 0.84 g/kg; F EAR 0.60 / RDI 0.75 g/kg (web page). Same for 19-30 and 31-50
protein,g/day,F,31-50,37,46,,,no g/day UL; AMDR upper bound 25% energy is a prudent UL,,nrv_full.pdf (v1.2 Sep 2017) PDF p.291 (printed p.281); PDF p.262 (printed p.252); https://www.eatforhealth.gov.au/nutrient-reference-values/nutrients/protein,Per kg: M EAR 0.68 / RDI 0.84 g/kg; F EAR 0.60 / RDI 0.75 g/kg (web page). Same for 19-30 and 31-50
dietary fibre,g/day,M,31-50,,,30,,no UL set,38,nrv_full.pdf (v1.2 Sep 2017) PDF p.291 (printed p.281); PDF p.261 (printed p.251); https://www.eatforhealth.gov.au/nutrient-reference-values/nutrients/dietary-fibre; https://www.eatforhealth.gov.au/nutrient-reference-values/chronic-disease/summary,SDT = 90th centile of intake (CHD risk). Same for 19-30
dietary fibre,g/day,F,31-50,,,25,,no UL set,28,nrv_full.pdf (v1.2 Sep 2017) PDF p.291 (printed p.281); PDF p.261 (printed p.251); https://www.eatforhealth.gov.au/nutrient-reference-values/nutrients/dietary-fibre; https://www.eatforhealth.gov.au/nutrient-reference-values/chronic-disease/summary,SDT = 90th centile of intake (CHD risk). Same for 19-30
linoleic acid (n-6),g/day,M,31-50,,,13,,no UL set,,nrv_full.pdf (v1.2 Sep 2017) PDF p.291 (printed p.281); PDF p.262 (printed p.252); https://www.eatforhealth.gov.au/nutrient-reference-values/nutrients/fats-total-fat-fatty-acids,AMDR: AI (~4-5% E) to 10% E
linoleic acid (n-6),g/day,F,31-50,,,8,,no UL set,,nrv_full.pdf (v1.2 Sep 2017) PDF p.291 (printed p.281); PDF p.262 (printed p.252); https://www.eatforhealth.gov.au/nutrient-reference-values/nutrients/fats-total-fat-fatty-acids,AMDR: AI (~4-5% E) to 10% E
alpha-linolenic acid (n-3),g/day,M,31-50,,,1.3,,no UL set,,nrv_full.pdf (v1.2 Sep 2017) PDF p.291 (printed p.281); PDF p.262 (printed p.252); https://www.eatforhealth.gov.au/nutrient-reference-values/nutrients/fats-total-fat-fatty-acids,AMDR: AI (~0.4-0.5% E) to 1% E
alpha-linolenic acid (n-3),g/day,F,31-50,,,0.8,,no UL set,,nrv_full.pdf (v1.2 Sep 2017) PDF p.291 (printed p.281); PDF p.262 (printed p.252); https://www.eatforhealth.gov.au/nutrient-reference-values/nutrients/fats-total-fat-fatty-acids,AMDR: AI (~0.4-0.5% E) to 1% E
LC n-3 (DHA+EPA+DPA),mg/day,M,31-50,,,160,3000,"total; UL adopted from US FDA GRAS level (3,000 mg/day)",610,nrv_full.pdf (v1.2 Sep 2017) PDF p.291 (printed p.281); PDF p.44 (printed p.34); PDF p.261 (printed p.251); https://www.eatforhealth.gov.au/nutrient-reference-values/nutrients/fats-total-fat-fatty-acids; https://www.eatforhealth.gov.au/nutrient-reference-values/chronic-disease/summary,SDT = 90th centile of intake
LC n-3 (DHA+EPA+DPA),mg/day,F,31-50,,,90,3000,"total; UL adopted from US FDA GRAS level (3,000 mg/day)",430,nrv_full.pdf (v1.2 Sep 2017) PDF p.291 (printed p.281); PDF p.44 (printed p.34); PDF p.261 (printed p.251); https://www.eatforhealth.gov.au/nutrient-reference-values/nutrients/fats-total-fat-fatty-acids; https://www.eatforhealth.gov.au/nutrient-reference-values/chronic-disease/summary,SDT = 90th centile of intake
thiamin,mg/day,M,31-50,1.0,1.2,,,no UL set (NP),,nrv_full.pdf (v1.2 Sep 2017) PDF p.293 (printed p.283); https://www.eatforhealth.gov.au/nutrient-reference-values/nutrients/thiamin,
thiamin,mg/day,F,31-50,0.9,1.1,,,no UL set (NP),,nrv_full.pdf (v1.2 Sep 2017) PDF p.293 (printed p.283); https://www.eatforhealth.gov.au/nutrient-reference-values/nutrients/thiamin,
riboflavin,mg/day,M,31-50,1.1,1.3,,,no UL set (NP),,nrv_full.pdf (v1.2 Sep 2017) PDF p.293 (printed p.283); https://www.eatforhealth.gov.au/nutrient-reference-values/nutrients/riboflavin,
riboflavin,mg/day,F,31-50,0.9,1.1,,,no UL set (NP),,nrv_full.pdf (v1.2 Sep 2017) PDF p.293 (printed p.283); https://www.eatforhealth.gov.au/nutrient-reference-values/nutrients/riboflavin,
niacin,mg NE/day,M,31-50,12,16,,35,nicotinic acid from fortified foods/supplements only,,nrv_full.pdf (v1.2 Sep 2017) PDF p.293 (printed p.283); PDF p.81 (printed p.71); PDF p.82 (printed p.72); https://www.eatforhealth.gov.au/nutrient-reference-values/nutrients/niacin,"EAR/RDI as niacin equivalents. Separate UL for nicotinamide = 900 mg/day (total intake, all sources)"
niacin,mg NE/day,F,31-50,11,14,,35,nicotinic acid from fortified foods/supplements only,,nrv_full.pdf (v1.2 Sep 2017) PDF p.293 (printed p.283); PDF p.81 (printed p.71); PDF p.82 (printed p.72); https://www.eatforhealth.gov.au/nutrient-reference-values/nutrients/niacin,"EAR/RDI as niacin equivalents. Separate UL for nicotinamide = 900 mg/day (total intake, all sources)"
vitamin B6,mg/day,M,31-50,1.1,1.3,,50,as pyridoxine (set from supplement studies),,nrv_full.pdf (v1.2 Sep 2017) PDF p.293 (printed p.283); PDF p.87 (printed p.77); https://www.eatforhealth.gov.au/nutrient-reference-values/nutrients/vitamin-b6,RDI rises to 1.7 at 51+ (not in scope)
vitamin B6,mg/day,F,31-50,1.1,1.3,,50,as pyridoxine (set from supplement studies),,nrv_full.pdf (v1.2 Sep 2017) PDF p.293 (printed p.283); PDF p.87 (printed p.77); https://www.eatforhealth.gov.au/nutrient-reference-values/nutrients/vitamin-b6,RDI rises to 1.7 at 51+ (not in scope)
vitamin B12,µg/day,M,31-50,2.0,2.4,,,no UL set (NP),,nrv_full.pdf (v1.2 Sep 2017) PDF p.293 (printed p.283); https://www.eatforhealth.gov.au/nutrient-reference-values/nutrients/vitamin-b12,
vitamin B12,µg/day,F,31-50,2.0,2.4,,,no UL set (NP),,nrv_full.pdf (v1.2 Sep 2017) PDF p.293 (printed p.283); https://www.eatforhealth.gov.au/nutrient-reference-values/nutrients/vitamin-b12,
folate,µg DFE/day,M,31-50,320,400,,1000,"folic acid from fortified foods and supplements only (µg folic acid, not DFE)",300-600,nrv_full.pdf (v1.2 Sep 2017) PDF p.293 (printed p.283); PDF p.100 (printed p.90); PDF p.260 (printed p.250); https://www.eatforhealth.gov.au/nutrient-reference-values/nutrients/folate; https://www.eatforhealth.gov.au/nutrient-reference-values/chronic-disease/summary,SDT text: an additional 100-400 µg DFE over current intakes (total about 300-600 µg DFE) may be required to optimise homocysteine
folate,µg DFE/day,F,31-50,320,400,,1000,"folic acid from fortified foods and supplements only (µg folic acid, not DFE)",300-600,nrv_full.pdf (v1.2 Sep 2017) PDF p.293 (printed p.283); PDF p.100 (printed p.90); PDF p.260 (printed p.250); https://www.eatforhealth.gov.au/nutrient-reference-values/nutrients/folate; https://www.eatforhealth.gov.au/nutrient-reference-values/chronic-disease/summary,SDT text: an additional 100-400 µg DFE over current intakes (total about 300-600 µg DFE) may be required to optimise homocysteine
pantothenic acid,mg/day,M,31-50,,,6.0,,no UL set (NP),,nrv_full.pdf (v1.2 Sep 2017) PDF p.293 (printed p.283); https://www.eatforhealth.gov.au/nutrient-reference-values/nutrients/pantothenic-acid,
pantothenic acid,mg/day,F,31-50,,,4.0,,no UL set (NP),,nrv_full.pdf (v1.2 Sep 2017) PDF p.293 (printed p.283); https://www.eatforhealth.gov.au/nutrient-reference-values/nutrients/pantothenic-acid,
biotin,µg/day,M,31-50,,,30,,no UL set (NP),,nrv_full.pdf (v1.2 Sep 2017) PDF p.293 (printed p.283); https://www.eatforhealth.gov.au/nutrient-reference-values/nutrients/biotin,
biotin,µg/day,F,31-50,,,25,,no UL set (NP),,nrv_full.pdf (v1.2 Sep 2017) PDF p.293 (printed p.283); https://www.eatforhealth.gov.au/nutrient-reference-values/nutrients/biotin,
vitamin A,µg RE/day,M,31-50,625,900,,3000,preformed vitamin A (retinol) only; no UL for beta-carotene,1500,nrv_full.pdf (v1.2 Sep 2017) PDF p.295 (printed p.285); PDF p.64 (printed p.54); PDF p.260 (printed p.250); https://www.eatforhealth.gov.au/nutrient-reference-values/nutrients/vitamin-a; https://www.eatforhealth.gov.au/nutrient-reference-values/chronic-disease/summary,"EAR/RDI as retinol equivalents. SDT also lists carotenes: M 5,800 µg, F 5,000 µg. SDT = 90th centile of intake"
vitamin A,µg RE/day,F,31-50,500,700,,3000,preformed vitamin A (retinol) only; no UL for beta-carotene,1220,nrv_full.pdf (v1.2 Sep 2017) PDF p.295 (printed p.285); PDF p.64 (printed p.54); PDF p.260 (printed p.250); https://www.eatforhealth.gov.au/nutrient-reference-values/nutrients/vitamin-a; https://www.eatforhealth.gov.au/nutrient-reference-values/chronic-disease/summary,"EAR/RDI as retinol equivalents. SDT also lists carotenes: M 5,800 µg, F 5,000 µg. SDT = 90th centile of intake"
vitamin C,mg/day,M,31-50,30,45,,,"no UL set (NP); 1,000 mg/day stated as a prudent limit",220,nrv_full.pdf (v1.2 Sep 2017) PDF p.295 (printed p.285); PDF p.122 (printed p.112); PDF p.260 (printed p.250); https://www.eatforhealth.gov.au/nutrient-reference-values/nutrients/vitamin-c; https://www.eatforhealth.gov.au/nutrient-reference-values/chronic-disease/summary,UL column left blank; prudent limit 1000 mg/day is not a formal UL
vitamin C,mg/day,F,31-50,30,45,,,"no UL set (NP); 1,000 mg/day stated as a prudent limit",190,nrv_full.pdf (v1.2 Sep 2017) PDF p.295 (printed p.285); PDF p.122 (printed p.112); PDF p.260 (printed p.250); https://www.eatforhealth.gov.au/nutrient-reference-values/nutrients/vitamin-c; https://www.eatforhealth.gov.au/nutrient-reference-values/chronic-disease/summary,UL column left blank; prudent limit 1000 mg/day is not a formal UL
vitamin D,µg/day,M,31-50,,,5,80,total intake,,nrv_full.pdf (v1.2 Sep 2017) PDF p.295 (printed p.285); PDF p.132 (printed p.122); https://www.eatforhealth.gov.au/nutrient-reference-values/nutrients/vitamin-d,"AI 10 µg at 51-70, 15 µg at >70 (not in scope)"
vitamin D,µg/day,F,31-50,,,5,80,total intake,,nrv_full.pdf (v1.2 Sep 2017) PDF p.295 (printed p.285); PDF p.132 (printed p.122); https://www.eatforhealth.gov.au/nutrient-reference-values/nutrients/vitamin-d,"AI 10 µg at 51-70, 15 µg at >70 (not in scope)"
vitamin E,mg alpha-TE/day,M,31-50,,,10,300,as alpha-tocopherol equivalents; NRV does not restrict scope (derived from supplement trials),19,nrv_full.pdf (v1.2 Sep 2017) PDF p.295 (printed p.285); PDF p.141 (printed p.131); PDF p.260 (printed p.250); https://www.eatforhealth.gov.au/nutrient-reference-values/nutrients/vitamin-e; https://www.eatforhealth.gov.au/nutrient-reference-values/chronic-disease/summary,1 mg alpha-TE = 1 mg RRR-(d-)alpha-tocopherol; web equivalence table: 1 mg all-rac-(dl-)alpha-tocopherol = 0.74 mg alpha-TE (acetate 0.67). Summary-table footnote (p.284-285) states the all-rac figure is 14 mg (ambiguous; consistent with the 10 mg alpha-TE male AI = ~14 mg all-rac). SDT = 90th centile of intake
vitamin E,mg alpha-TE/day,F,31-50,,,7,300,as alpha-tocopherol equivalents; NRV does not restrict scope (derived from supplement trials),14,nrv_full.pdf (v1.2 Sep 2017) PDF p.295 (printed p.285); PDF p.141 (printed p.131); PDF p.260 (printed p.250); https://www.eatforhealth.gov.au/nutrient-reference-values/nutrients/vitamin-e; https://www.eatforhealth.gov.au/nutrient-reference-values/chronic-disease/summary,1 mg alpha-TE = 1 mg RRR-(d-)alpha-tocopherol; web equivalence table: 1 mg all-rac-(dl-)alpha-tocopherol = 0.74 mg alpha-TE (acetate 0.67). Summary-table footnote (p.284-285) states the all-rac figure is 14 mg (ambiguous; consistent with the 10 mg alpha-TE male AI = ~14 mg all-rac). SDT = 90th centile of intake
vitamin K,µg/day,M,31-50,,,70,,no UL set (NP),,nrv_full.pdf (v1.2 Sep 2017) PDF p.295 (printed p.285); https://www.eatforhealth.gov.au/nutrient-reference-values/nutrients/vitamin-k,
vitamin K,µg/day,F,31-50,,,60,,no UL set (NP),,nrv_full.pdf (v1.2 Sep 2017) PDF p.295 (printed p.285); https://www.eatforhealth.gov.au/nutrient-reference-values/nutrients/vitamin-k,
choline,mg/day,M,31-50,,,550,3500,total intake,,nrv_full.pdf (v1.2 Sep 2017) PDF p.295 (printed p.285); PDF p.116 (printed p.106); https://www.eatforhealth.gov.au/nutrient-reference-values/nutrients/choline,
choline,mg/day,F,31-50,,,425,3500,total intake,,nrv_full.pdf (v1.2 Sep 2017) PDF p.295 (printed p.285); PDF p.116 (printed p.106); https://www.eatforhealth.gov.au/nutrient-reference-values/nutrients/choline,
calcium,mg/day,M,31-50,840,1000,,2500,total intake (food + supplements),,nrv_full.pdf (v1.2 Sep 2017) PDF p.297 (printed p.287); PDF p.155 (printed p.145); https://www.eatforhealth.gov.au/nutrient-reference-values/nutrients/calcium,"F 51+ RDI 1,300 (not in scope)"
calcium,mg/day,F,31-50,840,1000,,2500,total intake (food + supplements),,nrv_full.pdf (v1.2 Sep 2017) PDF p.297 (printed p.287); PDF p.155 (printed p.145); https://www.eatforhealth.gov.au/nutrient-reference-values/nutrients/calcium,"F 51+ RDI 1,300 (not in scope)"
phosphorus,mg/day,M,31-50,580,1000,,4000,total intake,,nrv_full.pdf (v1.2 Sep 2017) PDF p.297 (printed p.287); PDF p.206 (printed p.196); https://www.eatforhealth.gov.au/nutrient-reference-values/nutrients/phosphorus,
phosphorus,mg/day,F,31-50,580,1000,,4000,total intake,,nrv_full.pdf (v1.2 Sep 2017) PDF p.297 (printed p.287); PDF p.206 (printed p.196); https://www.eatforhealth.gov.au/nutrient-reference-values/nutrients/phosphorus,
magnesium,mg/day,M,31-50,350,420,,350,supplements / non-food sources only,,nrv_full.pdf (v1.2 Sep 2017) PDF p.299 (printed p.289); PDF p.189 (printed p.179); https://www.eatforhealth.gov.au/nutrient-reference-values/nutrients/magnesium,UL (350) is below RDI because it applies only to supplemental Mg
magnesium,mg/day,F,31-50,265,320,,350,supplements / non-food sources only,,nrv_full.pdf (v1.2 Sep 2017) PDF p.299 (printed p.289); PDF p.189 (printed p.179); https://www.eatforhealth.gov.au/nutrient-reference-values/nutrients/magnesium,UL (350) is below RDI because it applies only to supplemental Mg
magnesium,mg/day,M,19-30,330,400,,350,supplements / non-food sources only,,nrv_full.pdf (v1.2 Sep 2017) PDF p.299 (printed p.289); PDF p.189 (printed p.179); https://www.eatforhealth.gov.au/nutrient-reference-values/nutrients/magnesium,differs from 31-50
magnesium,mg/day,F,19-30,255,310,,350,supplements / non-food sources only,,nrv_full.pdf (v1.2 Sep 2017) PDF p.299 (printed p.289); PDF p.189 (printed p.179); https://www.eatforhealth.gov.au/nutrient-reference-values/nutrients/magnesium,differs from 31-50
iron,mg/day,M,31-50,6,8,,45,total (LOAEL from supplement study + dietary intake),,nrv_full.pdf (v1.2 Sep 2017) PDF p.297 (printed p.287); PDF p.184 (printed p.174); https://www.eatforhealth.gov.au/nutrient-reference-values/nutrients/iron,F RDI falls to 8 at 51+ (not in scope)
iron,mg/day,F,31-50,8,18,,45,total (LOAEL from supplement study + dietary intake),,nrv_full.pdf (v1.2 Sep 2017) PDF p.297 (printed p.287); PDF p.184 (printed p.174); https://www.eatforhealth.gov.au/nutrient-reference-values/nutrients/iron,F RDI falls to 8 at 51+ (not in scope)
zinc,mg/day,M,31-50,12.0,14,,40,"total intake (food, water, supplements)",,nrv_full.pdf (v1.2 Sep 2017) PDF p.297 (printed p.287); PDF p.230 (printed p.220); https://www.eatforhealth.gov.au/nutrient-reference-values/nutrients/zinc,
zinc,mg/day,F,31-50,6.5,8,,40,"total intake (food, water, supplements)",,nrv_full.pdf (v1.2 Sep 2017) PDF p.297 (printed p.287); PDF p.230 (printed p.220); https://www.eatforhealth.gov.au/nutrient-reference-values/nutrients/zinc,
iodine,µg/day,M,31-50,100,150,,1100,total intake,,nrv_full.pdf (v1.2 Sep 2017) PDF p.299 (printed p.289); PDF p.178 (printed p.168); https://www.eatforhealth.gov.au/nutrient-reference-values/nutrients/iodine,PENDING REVISION: web page banner (fetched 2026-10-03) says public consultation on draft updated iodine NRVs closed 11 Dec 2025; final values anticipated 2026. Values here are the current published 2006 values
iodine,µg/day,F,31-50,100,150,,1100,total intake,,nrv_full.pdf (v1.2 Sep 2017) PDF p.299 (printed p.289); PDF p.178 (printed p.168); https://www.eatforhealth.gov.au/nutrient-reference-values/nutrients/iodine,PENDING REVISION: web page banner (fetched 2026-10-03) says public consultation on draft updated iodine NRVs closed 11 Dec 2025; final values anticipated 2026. Values here are the current published 2006 values
selenium,µg/day,M,31-50,60,70,,400,food + supplements,,nrv_full.pdf (v1.2 Sep 2017) PDF p.299 (printed p.289); PDF p.215 (printed p.205); PDF p.260 (printed p.250); https://www.eatforhealth.gov.au/nutrient-reference-values/nutrients/selenium,No SDT set (NRV states no specific figure can be set)
selenium,µg/day,F,31-50,50,60,,400,food + supplements,,nrv_full.pdf (v1.2 Sep 2017) PDF p.299 (printed p.289); PDF p.215 (printed p.205); PDF p.260 (printed p.250); https://www.eatforhealth.gov.au/nutrient-reference-values/nutrients/selenium,No SDT set (NRV states no specific figure can be set)
copper,mg/day,M,31-50,,,1.7,10,food + supplements,,nrv_full.pdf (v1.2 Sep 2017) PDF p.301 (printed p.291); PDF p.168 (printed p.158); https://www.eatforhealth.gov.au/nutrient-reference-values/nutrients/copper,
copper,mg/day,F,31-50,,,1.2,10,food + supplements,,nrv_full.pdf (v1.2 Sep 2017) PDF p.301 (printed p.291); PDF p.168 (printed p.158); https://www.eatforhealth.gov.au/nutrient-reference-values/nutrients/copper,
manganese,mg/day,M,31-50,,,5.5,,no UL set; NRV notes intake beyond food/beverages could represent a risk,,nrv_full.pdf (v1.2 Sep 2017) PDF p.301 (printed p.291); PDF p.196 (printed p.186); https://www.eatforhealth.gov.au/nutrient-reference-values/nutrients/manganese,
manganese,mg/day,F,31-50,,,5.0,,no UL set; NRV notes intake beyond food/beverages could represent a risk,,nrv_full.pdf (v1.2 Sep 2017) PDF p.301 (printed p.291); PDF p.196 (printed p.186); https://www.eatforhealth.gov.au/nutrient-reference-values/nutrients/manganese,
molybdenum,µg/day,M,31-50,34,45,,2000,total intake,,nrv_full.pdf (v1.2 Sep 2017) PDF p.299 (printed p.289); PDF p.201 (printed p.191); https://www.eatforhealth.gov.au/nutrient-reference-values/nutrients/molybdenum,web page tabulates adults as a single 19-50 yr row
molybdenum,µg/day,F,31-50,34,45,,2000,total intake,,nrv_full.pdf (v1.2 Sep 2017) PDF p.299 (printed p.289); PDF p.201 (printed p.191); https://www.eatforhealth.gov.au/nutrient-reference-values/nutrients/molybdenum,web page tabulates adults as a single 19-50 yr row
chromium,µg/day,M,31-50,,,35,,no UL set (insufficient data),,nrv_full.pdf (v1.2 Sep 2017) PDF p.301 (printed p.291); PDF p.162 (printed p.152); https://www.eatforhealth.gov.au/nutrient-reference-values/nutrients/chromium,
chromium,µg/day,F,31-50,,,25,,no UL set (insufficient data),,nrv_full.pdf (v1.2 Sep 2017) PDF p.301 (printed p.291); PDF p.162 (printed p.152); https://www.eatforhealth.gov.au/nutrient-reference-values/nutrients/chromium,
potassium,mg/day,M,31-50,,,3800,,no UL from dietary sources; supplements only under medical supervision,4700,nrv_full.pdf (v1.2 Sep 2017) PDF p.301 (printed p.291); PDF p.210 (printed p.200); PDF p.261 (printed p.251); https://www.eatforhealth.gov.au/nutrient-reference-values/nutrients/potassium; https://www.eatforhealth.gov.au/nutrient-reference-values/chronic-disease/summary,"AI M 3,800 (100 mmol), F 2,800 (72 mmol); SDT 4,700 mg (120 mmol). Not reviewed in 2017"
potassium,mg/day,F,31-50,,,2800,,no UL from dietary sources; supplements only under medical supervision,4700,nrv_full.pdf (v1.2 Sep 2017) PDF p.301 (printed p.291); PDF p.210 (printed p.200); PDF p.261 (printed p.251); https://www.eatforhealth.gov.au/nutrient-reference-values/nutrients/potassium; https://www.eatforhealth.gov.au/nutrient-reference-values/chronic-disease/summary,"AI M 3,800 (100 mmol), F 2,800 (72 mmol); SDT 4,700 mg (120 mmol). Not reviewed in 2017"
sodium,mg/day,M,31-50,,,460-920,,UL not determined (ND) - revised 2017,2000,nrv_full.pdf (v1.2 Sep 2017) PDF p.301 (printed p.291); PDF p.222 (printed p.212); PDF p.223 (printed p.213); PDF p.261 (printed p.251); https://www.eatforhealth.gov.au/nutrient-reference-values/nutrients/sodium; https://www.eatforhealth.gov.au/nutrient-reference-values/chronic-disease/summary,"REVISED 2017 (NHMRC approved 13 Jul 2017): adult UL changed from 2,300 mg (2006) to not determined; SDT changed from 1,600 mg (2006) to 2,000 mg (86 mmol on nutrient page p.213; 87 mmol in SDT table p.251). AI 460-920 mg (20-40 mmol) not reviewed in 2017"
sodium,mg/day,F,31-50,,,460-920,,UL not determined (ND) - revised 2017,2000,nrv_full.pdf (v1.2 Sep 2017) PDF p.301 (printed p.291); PDF p.222 (printed p.212); PDF p.223 (printed p.213); PDF p.261 (printed p.251); https://www.eatforhealth.gov.au/nutrient-reference-values/nutrients/sodium; https://www.eatforhealth.gov.au/nutrient-reference-values/chronic-disease/summary,"REVISED 2017 (NHMRC approved 13 Jul 2017): adult UL changed from 2,300 mg (2006) to not determined; SDT changed from 1,600 mg (2006) to 2,000 mg (86 mmol on nutrient page p.213; 87 mmol in SDT table p.251). AI 460-920 mg (20-40 mmol) not reviewed in 2017"
fluoride,mg/day,M,31-50,,,4.0,10,total intake,,nrv_full.pdf (v1.2 Sep 2017) PDF p.301 (printed p.291); PDF p.173 (printed p.163); https://www.eatforhealth.gov.au/nutrient-reference-values/nutrients/fluoride-updated-2017,Fluoride revised 2017 only for 0-8 y (AI and UL); adult values are 2006 and unchanged
fluoride,mg/day,F,31-50,,,3.0,10,total intake,,nrv_full.pdf (v1.2 Sep 2017) PDF p.301 (printed p.291); PDF p.173 (printed p.163); https://www.eatforhealth.gov.au/nutrient-reference-values/nutrients/fluoride-updated-2017,Fluoride revised 2017 only for 0-8 y (AI and UL); adult values are 2006 and unchanged
AMDR protein,% energy,both,19+,,,,,,15-25,nrv_full.pdf (v1.2 Sep 2017) PDF p.262 (printed p.252); https://www.eatforhealth.gov.au/nutrient-reference-values/chronic-disease/summary,AMDR range stored in SDT column. 25% E also stated as a prudent UL for protein
AMDR total fat,% energy,both,19+,,,,,,20-35,nrv_full.pdf (v1.2 Sep 2017) PDF p.262 (printed p.252); https://www.eatforhealth.gov.au/nutrient-reference-values/chronic-disease/summary,AMDR range stored in SDT column. saturated + trans fat together no more than 10% E
AMDR carbohydrate,% energy,both,19+,,,,,,45-65,nrv_full.pdf (v1.2 Sep 2017) PDF p.262 (printed p.252); https://www.eatforhealth.gov.au/nutrient-reference-values/chronic-disease/summary,AMDR range stored in SDT column. predominantly from low energy density and/or low GI foods
AMDR linoleic acid,% energy,both,19+,,,,,,4-5 to 10,nrv_full.pdf (v1.2 Sep 2017) PDF p.262 (printed p.252); https://www.eatforhealth.gov.au/nutrient-reference-values/chronic-disease/summary,AMDR range stored in SDT column. lower end = AI (equates to ~4-5% E); upper = 90th centile of intake (~10% E)
AMDR alpha-linolenic acid,% energy,both,19+,,,,,,0.4-0.5 to 1,nrv_full.pdf (v1.2 Sep 2017) PDF p.262 (printed p.252); https://www.eatforhealth.gov.au/nutrient-reference-values/chronic-disease/summary,AMDR range stored in SDT column. lower end = AI (equates to ~0.4-0.5% E); upper = 90th centile (~1% E)
