scenario,classic,classic_chickenliver,classic_chickenliver,classic_greens,classic_greens,classic_iodised,classic_iodised,classic_milk1gal,classic_milk1gal,classic_nogelatin,classic_nogelatin,classic_oj2qt,classic_oj2qt,classic_supps,classic_supps,classic,classic_woman,classic_woman,late,late_asdescribed,late_asdescribed,late_milk1l,late_milk1l,late,late_woman,late_woman
db,afcd,afcd,usda,afcd,usda,afcd,usda,afcd,usda,afcd,usda,afcd,usda,afcd,usda,usda,afcd,usda,afcd,afcd,usda,afcd,usda,usda,afcd,usda
nutrient,,,,,,,,,,,,,,,,,,,,,,,,,,
protein_g,144.6,144.3,141.3,147.9,145.4,144.6,142.4,208.9,206.7,136.1,133.9,152.4,149.3,144.6,142.4,142.4,117.0,115.2,55.9,55.9,53.5,73.4,71.0,53.5,55.9,53.5
fibre_g,14.1,14.1,13.3,19.3,17.3,14.1,13.3,14.1,13.3,14.1,13.3,17.0,15.3,14.1,13.3,13.3,11.4,10.8,20.3,20.3,18.5,20.3,18.5,18.5,20.3,18.5
la_g,3.0,3.0,6.2,3.0,6.6,3.0,6.4,3.4,7.6,3.0,6.4,3.0,6.6,3.0,6.4,6.4,2.4,5.1,1.5,1.5,3.2,1.6,3.6,3.2,1.5,3.2
ala_g,0.6,0.5,0.6,0.6,1.0,0.6,0.6,0.8,0.8,0.6,0.6,0.6,0.8,0.6,0.6,0.6,0.5,0.5,0.1,0.1,0.5,0.2,0.5,0.5,0.1,0.5
lcn3_mg,365.0,245.5,175.5,365.0,175.5,365.0,175.5,365.0,175.5,365.0,175.5,365.0,175.5,365.0,175.5,175.5,295.3,142.0,41.8,41.8,38.5,41.8,38.5,38.5,41.8,38.5
b1_mg,1.6,1.6,2.4,1.7,2.4,1.6,2.4,2.0,3.1,1.6,2.3,2.4,3.2,1.6,2.4,2.4,1.3,1.9,2.1,2.1,2.7,2.2,2.9,2.7,2.1,2.7
b2_mg,5.3,4.6,6.4,5.4,7.0,5.3,6.8,8.6,10.4,5.3,6.8,5.3,7.1,5.3,6.8,6.8,4.3,5.5,1.2,1.2,3.0,2.1,4.0,3.0,1.2,3.0
niacin_ne_mg,66.4,65.3,50.1,67.5,51.1,66.4,50.1,101.7,65.5,66.4,50.1,66.7,54.4,66.4,50.1,50.1,53.8,40.5,26.4,26.4,28.7,35.9,32.9,28.7,26.4,28.7
b6_mg,0.7,0.8,2.9,1.0,2.9,0.7,2.8,0.9,3.6,0.7,2.8,0.7,3.2,0.7,2.8,2.8,0.6,2.3,0.4,0.4,2.4,0.4,2.6,2.4,0.4,2.4
b12_ug,28.5,13.7,19.4,28.5,32.8,28.5,32.8,32.4,43.1,28.5,32.8,28.5,32.8,28.5,32.8,32.8,23.0,26.6,1.8,1.8,3.2,2.8,6.0,3.2,1.8,3.2
folate_dfe_ug,984.6,1175.0,722.9,1109.6,669.7,984.6,604.7,1082.0,702.1,981.6,601.7,1427.3,899.8,984.6,604.7,604.7,796.6,489.2,1135.1,1135.1,789.4,1161.6,816.0,789.4,1135.1,789.4
b5_mg,16.7,16.4,19.2,17.0,18.3,16.7,18.1,24.5,25.0,16.7,18.1,19.6,20.0,16.7,18.1,18.1,13.5,14.6,11.1,11.1,13.0,13.2,14.9,13.0,11.1,13.0
vita_rae_ug,9921.1,4995.7,3040.6,10113.1,3962.6,9921.1,3816.6,10193.9,4362.2,9921.1,3816.6,9940.8,3915.0,9921.1,3816.6,3816.6,8024.7,3087.2,2039.1,2039.1,1442.9,2113.3,1591.3,1442.9,2039.1,1442.9
vitc_mg,631.2,629.7,578.2,719.2,596.4,631.2,578.6,631.2,582.4,631.2,578.6,1182.2,1070.5,631.2,578.6,578.6,510.7,468.1,1211.6,1211.6,1102.6,1211.6,1103.6,1102.6,1211.6,1102.6
vitd_ug,11.6,11.1,3.1,11.6,3.1,11.6,3.1,13.2,3.1,11.6,3.1,11.6,3.1,11.6,3.1,3.1,9.4,2.5,6.0,6.0,1.4,6.4,1.4,1.4,6.0,1.4
vite_mg,4.8,4.9,5.4,5.8,6.8,4.8,5.2,5.2,5.8,4.8,5.2,5.8,5.6,104.8,105.2,5.2,3.9,4.2,4.1,4.1,3.7,4.2,3.9,3.7,4.1,3.7
vitk_ug,40.7,40.7,40.7,459.2,459.2,40.7,40.7,44.6,44.6,40.7,40.7,41.7,41.7,40.7,40.7,40.7,32.9,32.9,39.6,39.6,39.6,40.6,40.6,39.6,39.6,39.6
choline_mg,926.4,1005.8,1005.8,926.8,926.8,926.4,926.4,1246.0,1246.0,922.5,922.5,987.4,987.4,926.4,926.4,926.4,749.5,749.5,490.1,490.1,490.1,577.0,577.0,490.1,490.1,490.1
ca_mg,2843.3,2843.3,2941.2,3058.3,3090.7,2843.3,2940.7,5084.3,5279.1,2818.3,2935.2,2912.2,3048.9,2843.3,2940.7,2940.7,2300.8,2379.6,859.1,857.3,973.9,1468.0,1611.1,975.7,857.8,974.4
p_mg,2982.7,2963.7,2946.9,3050.7,2983.5,2982.7,2941.5,4775.5,4734.4,2979.5,2937.6,3120.4,3108.8,2982.7,2941.5,2941.5,2413.4,2380.1,1217.4,1217.4,1225.5,1705.0,1713.1,1225.5,1217.4,1225.5
mg_mg,482.2,482.0,490.9,527.2,514.7,482.2,489.7,696.6,704.0,480.7,487.5,551.1,597.9,482.2,489.7,489.7,390.1,396.2,355.9,355.9,422.9,414.2,481.2,422.9,355.9,422.9
fe_mg,10.0,10.1,12.9,11.5,12.6,10.0,11.8,10.2,12.2,9.8,11.6,10.4,13.7,10.0,11.8,11.8,8.1,9.5,4.2,4.2,9.0,4.2,9.2,9.1,4.2,9.1
zn_mg,20.3,20.1,25.0,20.7,26.2,20.3,25.9,27.5,35.3,20.3,25.9,20.6,26.4,20.3,25.9,25.9,16.4,21.0,4.8,4.8,6.5,6.7,9.1,6.6,4.8,6.5
i_ug,621.0,619.8,619.8,627.6,627.6,840.0,840.0,1119.8,1119.8,621.0,621.0,621.0,621.0,621.0,621.0,621.0,502.4,502.4,173.4,173.4,173.4,309.1,309.1,173.4,173.4,173.4
se_ug,102.8,107.2,166.8,102.8,173.4,102.7,172.5,116.4,221.2,102.2,168.5,104.8,173.4,102.8,172.5,172.5,83.2,139.5,43.1,43.1,49.4,46.8,63.4,50.5,43.1,49.7
cu_mg,3.8,2.0,2.6,4.2,4.2,3.8,4.2,3.9,4.3,3.8,3.9,4.1,4.6,3.8,4.2,4.2,3.1,3.4,1.6,1.6,2.4,1.6,2.4,2.4,1.6,2.4
mn_mg,5.0,5.1,1.7,5.7,2.3,5.0,1.8,5.1,2.0,5.0,1.7,5.2,1.9,5.0,1.8,1.8,4.1,1.4,4.1,4.1,1.8,4.1,1.9,1.8,4.1,1.8
k_mg,7506.4,7483.1,7304.4,7941.4,7425.5,7510.5,7281.5,10546.4,10009.7,7505.7,7279.9,8933.1,9249.3,7506.4,7281.5,7281.5,6073.3,5891.3,6698.0,6694.4,7274.4,7523.6,8018.8,7278.0,6695.4,7275.4
retinol_ug,8146.3,3220.9,2024.1,8146.3,2800.8,8146.3,2800.8,8399.6,3326.9,8146.3,2800.8,8146.3,2800.8,8146.3,2800.8,2800.8,6588.8,2265.5,229.6,229.6,320.9,298.5,464.0,320.9,229.6,320.9
pufa_pctE,1.6,1.6,2.5,1.6,2.7,1.6,2.5,1.4,2.2,1.6,2.5,1.4,2.2,1.6,2.5,2.5,1.6,2.5,0.6,0.8,1.5,0.6,1.2,1.1,0.7,1.4
ca_p_ratio,1.0,1.0,1.0,1.0,1.0,1.0,1.0,1.1,1.1,1.0,1.0,0.9,1.0,1.0,1.0,1.0,1.0,1.0,0.7,0.7,0.8,0.9,0.9,0.8,0.7,0.8
free_sugars_pctE,18.3,18.3,18.1,18.1,17.8,18.3,18.0,13.5,13.3,18.5,18.3,26.2,26.0,18.3,18.0,18.0,18.3,18.1,67.2,53.3,49.7,58.0,53.8,62.5,58.0,53.9
protein_pctE,24.7,24.6,20.8,25.0,21.0,24.7,20.9,26.3,22.4,23.6,19.9,23.0,18.9,24.7,20.9,20.9,24.7,20.9,8.6,11.7,9.3,11.4,9.4,7.2,10.7,8.6
kcal,2381.0,2378.6,2753.1,2406.6,2800.7,2381.0,2764.6,3224.0,3742.7,2346.4,2731.1,2696.2,3206.7,2381.0,2764.6,2764.6,1926.2,2236.5,2629.1,1935.9,2332.8,2629.1,3068.0,3033.8,2127.2,2526.2
