,mean,min,max
energy_kj,11718.23,11080.37,12573.37
protein_g,145.37,121.63,168.58
fat_g,106.13,101.72,115.46
carb_g,326.38,314.48,334.06
sugars_g,254.62,244.22,262.78
free_sugars_afcd_g,106.9,106.9,106.9
starch_g,1.49,1.43,1.88
fibre_g,17.34,15.37,18.77
sfa_g,59.99,58.21,63.64
mufa_g,27.78,26.19,29.2
pufa_g,8.43,8.01,10.09
la_g,6.64,6.39,7.33
ala_g,1.02,0.92,1.21
lcn3_mg,175.49,88.2,411.2
ca_mg,3090.66,3067.18,3136.58
p_mg,2983.54,2773.54,3398.54
mg_mg,514.69,503.49,523.49
fe_mg,12.6,9.05,22.64
zn_mg,26.2,16.82,54.45
i_ug,627.65,596.13,778.23
se_ug,173.37,136.18,305.86
cu_mg,4.22,2.05,14.08
mn_mg,2.29,1.87,3.61
k_mg,7425.53,7165.57,7608.57
na_mg,3780.27,3642.67,4527.67
retinol_ug,2800.78,966.83,13701.53
vita_rae_ug,3962.56,2079.74,14916.44
b1_mg,2.41,2.28,2.66
b2_mg,6.96,5.86,12.73
niacin_ne_mg,51.13,40.5,69.93
b6_mg,2.9,2.32,3.28
b12_ug,32.82,13.43,141.82
folate_dfe_ug,669.66,612.93,809.03
b5_mg,18.28,17.11,23.63
vitc_mg,596.35,544.7,660.1
vitd_ug,3.09,3.02,3.12
vite_mg,6.83,5.91,7.78
caffeine_mg,320.0,320.0,320.0
trp_mg,1559.4,1377.47,1921.97
gly_mg,6054.25,4667.16,6936.76
met_mg,3345.31,2733.62,3745.42
cys_mg,1372.01,1067.15,1556.15
vitk_ug,459.18,450.64,480.64
choline_mg,926.78,834.72,963.12
free_sugars_g,122.64,122.64,122.64
kcal,2800.72,2648.27,3005.11
protein_pctE,21.05,18.66,22.79
fat_pctE,33.51,33.05,34.04
carb_pctE,47.39,44.9,49.44
pufa_pctE,2.66,2.51,2.97
free_sugars_pctE,17.82,16.58,18.82
ca_p_ratio,1.04,0.9,1.13
gly_met_ratio,1.81,1.71,1.85
