Nutrient,Reference (man 31–50),Basis of reference,Classic AFCD / USDA,Late AFCD / USDA
Protein (g),EAR 52,Requirement,144.6 / 142.4,55.9 / 53.5
Dietary fibre (g),AI 30,Median intake,14.1 / 13.3 ↓,20.3 / 18.5 ↓
Linoleic acid (g),AI 13,Median intake,3.0 / 6.4 ↓,1.5 / 3.2 ↓
Alpha-linolenic acid (g),AI 1.3,Median intake,0.6 / 0.7 ↓,0.1 / 0.5 ↓
Long-chain omega-3 (mg),AI 160,Median intake,365.0 / 175.5,41.8 / 38.5 ↓
Thiamin (mg),EAR 1,Requirement,1.6 / 2.4,2.1 / 2.7
Riboflavin (mg),EAR 1.1,Requirement,5.3 / 6.8,1.2 / 3.0
Niacin (mg NE),EAR 12,Requirement,66.4 / 50.1,26.4 / 28.7
Vitamin B6 (mg),EAR 1.1,Requirement,0.7 / 2.8 ?,0.4 / 2.4 ?
Vitamin B12 (µg),EAR 2,Requirement,28.5 / 32.8,1.8 / 3.2 ?
Folate (µg DFE),EAR 320,Requirement,984.6 / 604.7,"1,135.1 / 789.5"
Pantothenic acid (mg),AI 6,Median intake,16.7 / 18.1,11.1 / 13.0
Vitamin A (µg RE),EAR 625,Requirement,"9,921.1 / 3,816.6","2,039.1 / 1,442.9"
Vitamin C (mg),EAR 30,Requirement,631.2 / 578.5,"1,211.6 / 1,102.6"
Vitamin D (µg),AI 5,Biomarker (25(OH)D),11.6 / 3.1 ?,6.0 / 1.4 ?
Vitamin E (mg),AI 10,Median intake,4.8 / 5.2 ↓,4.1 / 3.7 ↓
Vitamin K (µg),AI 70,Median intake,40.7 / 40.7 ↓,39.6 / 39.6 ↓
Choline (mg),AI 550,Requirement (weak),926.4 / 926.4,490.1 / 490.1 ↓
Calcium (mg),EAR 840,Requirement,"2,843.3 / 2,940.7 ↑",859.1 / 975.7
Phosphorus (mg),EAR 580,Requirement,"2,982.7 / 2,941.5","1,217.4 / 1,225.5"
Magnesium (mg),EAR 350,Requirement,482.2 / 489.7,355.9 / 422.9
Iron (mg),EAR 6,Requirement,10.0 / 11.8,4.2 / 9.1 ?
Zinc (mg),EAR 12,Requirement,20.3 / 25.9,4.8 / 6.5 ↓
Iodine (µg),EAR 100,Requirement,621.0 / 621.0,173.4 / 173.4
Selenium (µg),EAR 60,Requirement,102.8 / 172.5,43.1 / 50.5 ↓
Copper (mg),AI 1.7,Median intake,3.8 / 4.2,1.6 / 2.4 ?
Manganese (mg),AI 5.5,Median intake,5.0 / 1.8 ↓,4.1 / 1.8 ↓
Potassium (mg),AI 3800,Median intake,"7,506.4 / 7,281.5","6,698.0 / 7,278.0"
